<?xml version="1.0" encoding="utf-8" ?><dwsync><file name="activityApplet1.html" server="www.softchalk.com/public_html/softchalk/" local="3404316942" remote="11994257572" /><file name="activityApplet2.html" server="www.softchalk.com/public_html/softchalk/" local="3404316942" remote="11994257572" /><file name="activityApplet3.html" server="www.softchalk.com/public_html/softchalk/" local="3404316942" remote="11994257572" /><file name="activityApplet4.html" server="www.softchalk.com/public_html/softchalk/" local="3404316942" remote="11994257572" /><file name="activityApplet8.html" server="www.softchalk.com/public_html/softchalk/" local="3404316942" remote="11994257573" /><file name="ada-access.gif" server="www.softchalk.com/public_html/softchalk/" local="3404316942" remote="11994257573" /><file name="ada-activity.gif" server="www.softchalk.com/public_html/softchalk/" local="3404316942" remote="11994257573" /><file name="ada-annotation.gif" server="www.softchalk.com/public_html/softchalk/" local="3404316942" remote="11994257573" /><file name="ada-equation.gif" server="www.softchalk.com/public_html/softchalk/" local="3404316942" remote="11994257574" /><file name="ada-media.gif" server="www.softchalk.com/public_html/softchalk/" local="3404316942" remote="11994257574" /><file name="align8.xml" server="www.softchalk.com/public_html/softchalk/" local="3404316942" remote="11994257577" /><file name="align_custom.png" server="www.softchalk.com/public_html/softchalk/" local="3404316942" remote="11994257577" /><file name="align_title_custom.png" server="www.softchalk.com/public_html/softchalk/" local="3404316942" remote="11994257578" /><file name="banner_custom.png" server="www.softchalk.com/public_html/softchalk/" local="3404316942" remote="11994257578" /><file name="check.png" server="www.softchalk.com/public_html/softchalk/" local="3404316942" remote="11994257578" /><file name="close_custom.png" server="www.softchalk.com/public_html/softchalk/" local="3404316942" remote="11994257579" /><file name="close_feedback.png" server="www.softchalk.com/public_html/softchalk/" local="3404316942" remote="11994257579" /><file name="close_float.png" server="www.softchalk.com/public_html/softchalk/" local="3404316942" remote="11994257579" /><file name="Cloud and Mobile in K12 -Thought_Leadership_for_Education_April2011.pdf" server="www.softchalk.com/public_html/softchalk/" local="3404299182" remote="11994257580" /><file name="contentwrap_custom.png" server="www.softchalk.com/public_html/softchalk/" local="3404316942" remote="11994257580" /><file name="correct.mp3" server="www.softchalk.com/public_html/softchalk/" local="3404316942" remote="11994257581" /><file name="csshover.htc" server="www.softchalk.com/public_html/softchalk/" local="3404316942" remote="11994257581" /><file name="dropcloths.png" server="www.softchalk.com/public_html/softchalk/" local="3404299184" remote="11994257581" /><file name="dropmenu_custom.png" server="www.softchalk.com/public_html/softchalk/" local="3404316942" remote="11994257581" /><file name="english teachers comic.jpg" server="www.softchalk.com/public_html/softchalk/" local="3404299184" remote="11994257582" /><file name="get_flash_player.gif" server="www.softchalk.com/public_html/softchalk/" local="3404316942" remote="11994257582" /><file name="identify1.xml" server="www.softchalk.com/public_html/softchalk/" local="3404316942" remote="11994257582" /><file name="identify_custom.png" server="www.softchalk.com/public_html/softchalk/" local="3404316942" remote="11994257582" /><file name="identify_title_custom.png" server="www.softchalk.com/public_html/softchalk/" local="3404316942" remote="11994257583" /><file name="index.html" server="www.softchalk.com/public_html/softchalk/" local="3404316942" remote="11994257583" /><file name="lb_buttonimage.txt" server="www.softchalk.com/public_html/softchalk/" local="3404316942" remote="11994257583" /><file name="NewLinguistics.css" server="www.softchalk.com/public_html/softchalk/" local="3404316942" remote="11994257607" /><file name="NewLinguistics.html" server="www.softchalk.com/public_html/softchalk/" local="3404316942" remote="11994257607" /><file name="NewLinguistics.zip" server="www.softchalk.com/public_html/softchalk/" local="3404316565" remote="11994257609" /><file name="NewLinguistics2.html" server="www.softchalk.com/public_html/softchalk/" local="3404316942" remote="11994257610" /><file name="NewLinguistics3.html" server="www.softchalk.com/public_html/softchalk/" local="3404316942" remote="11994257610" /><file name="NewLinguistics4.html" server="www.softchalk.com/public_html/softchalk/" local="3404316942" remote="11994257610" /><file name="NewLinguistics5.html" server="www.softchalk.com/public_html/softchalk/" local="3404316942" remote="11994257610" /><file name="NewLinguistics_dummy.html" server="www.softchalk.com/public_html/softchalk/" local="3404316942" remote="11994257611" /><file name="NewLinguistics_md.xml" server="www.softchalk.com/public_html/softchalk/" local="3404316942" remote="11994257611" /><file name="NewLinguistics_orm.txt" server="www.softchalk.com/public_html/softchalk/" local="3404316942" remote="11994257611" /><file name="NewLinguistics_print.css" server="www.softchalk.com/public_html/softchalk/" local="3404316942" remote="11994257611" /><file name="NewLinguistics_print.html" server="www.softchalk.com/public_html/softchalk/" local="3404316942" remote="11994257612" /><file name="NewLinguistics_sco.zip" server="www.softchalk.com/public_html/softchalk/" local="3404316929" remote="11994257614" /><file name="NewLinguistics_sco2004.zip" server="www.softchalk.com/public_html/softchalk/" local="3404316942" remote="11994257618" /><file name="NewLinguistics_tiv.txt" server="www.softchalk.com/public_html/softchalk/" local="3404316942" remote="11994257618" /><file name="onthispage_custom.png" server="www.softchalk.com/public_html/softchalk/" local="3404316942" remote="11994257618" /><file name="paste_image1.gif" server="www.softchalk.com/public_html/softchalk/" local="3404299184" remote="11994257619" /><file name="paste_image2.gif" server="www.softchalk.com/public_html/softchalk/" local="3404299184" remote="11994257619" /><file name="Rosetta_Stone.jpg" server="www.softchalk.com/public_html/softchalk/" local="3404299184" remote="11994257619" /><file name="selection4.xml" server="www.softchalk.com/public_html/softchalk/" local="3404316942" remote="11994257643" /><file name="selection_custom.png" server="www.softchalk.com/public_html/softchalk/" local="3404316942" remote="11994257643" /><file name="selection_title_custom.png" server="www.softchalk.com/public_html/softchalk/" local="3404316942" remote="11994257643" /><file name="selfcheck_custom.png" server="www.softchalk.com/public_html/softchalk/" local="3404316942" remote="11994257644" /><file name="semantics3.png" server="www.softchalk.com/public_html/softchalk/" local="3404299184" remote="11994257644" /><file name="sequence3.xml" server="www.softchalk.com/public_html/softchalk/" local="3404316942" remote="11994257644" /><file name="sequence_custom.png" server="www.softchalk.com/public_html/softchalk/" local="3404316942" remote="11994257644" /><file name="sequence_title_custom.png" server="www.softchalk.com/public_html/softchalk/" local="3404316942" remote="11994257645" /><file name="sets2.xml" server="www.softchalk.com/public_html/softchalk/" local="3404316942" remote="11994257645" /><file name="sets_custom.png" server="www.softchalk.com/public_html/softchalk/" local="3404316942" remote="11994257645" /><file name="sets_title_custom.png" server="www.softchalk.com/public_html/softchalk/" local="3404316942" remote="11994257645" /><file name="softchalk_manifest.xml" server="www.softchalk.com/public_html/softchalk/" local="3404316942" remote="11994257645" /><file name="spacer.gif" server="www.softchalk.com/public_html/softchalk/" local="3404316942" remote="11994257646" /><file name="submenu-rt_custom.png" server="www.softchalk.com/public_html/softchalk/" local="3404316942" remote="11994257646" /><file name="submenu_custom.png" server="www.softchalk.com/public_html/softchalk/" local="3404316942" remote="11994257646" /><file name="woof.png" server="www.softchalk.com/public_html/softchalk/" local="3404299184" remote="11994257646" /><file name="wrong.mp3" server="www.softchalk.com/public_html/softchalk/" local="3404316942" remote="11994257647" /><file name="wrong.png" server="www.softchalk.com/public_html/softchalk/" local="3404316942" remote="11994257647" /><file name="yoda_syntax.png" server="www.softchalk.com/public_html/softchalk/" local="3404299184" remote="11994257648" /></dwsync>