<?xml version="1.0" encoding="UTF-8" standalone="no"?>
<slideSlotActivity gradeSetsIndividually="false">
    <set columns="4" id="0" rows="3">
        <title encoding="true"><![CDATA[Find+the+constituent+words+from+the+compound+words]]></title>
        <allowRetry>true</allowRetry>
        <choices>
            <choice column="0" correct="true" encoding="true" id="0" row="0" value="1.0"><![CDATA[Camcorder]]></choice>
            <choice column="1" correct="false" encoding="true" id="1" row="0" value="0.0"><![CDATA[Chunnel]]></choice>
            <choice column="0" correct="true" encoding="true" id="2" row="1" value="1.0"><![CDATA[Camera]]></choice>
            <choice column="1" correct="false" encoding="true" id="3" row="1" value="0.0"><![CDATA[Channel]]></choice>
            <choice column="0" correct="true" encoding="true" id="4" row="2" value="1.0"><![CDATA[Recorder]]></choice>
            <choice column="1" correct="false" encoding="true" id="5" row="2" value="0.0"><![CDATA[Tunnel]]></choice>
        </choices>
    </set>
    <set columns="4" id="1" rows="3">
        <title encoding="true"><![CDATA[Find+the+constituent+words+from+the+compound+words]]></title>
        <allowRetry>true</allowRetry>
        <choices>
            <choice column="0" correct="true" encoding="true" id="0" row="0" value="1.0"><![CDATA[Chunnel]]></choice>
            <choice column="1" correct="false" encoding="true" id="1" row="0" value="0.0"><![CDATA[Camcorder]]></choice>
            <choice column="0" correct="true" encoding="true" id="2" row="1" value="1.0"><![CDATA[Channel]]></choice>
            <choice column="1" correct="false" encoding="true" id="3" row="1" value="0.0"><![CDATA[Camera]]></choice>
            <choice column="0" correct="true" encoding="true" id="4" row="2" value="1.0"><![CDATA[Tunnel]]></choice>
            <choice column="1" correct="false" encoding="true" id="5" row="2" value="0.0"><![CDATA[Recorder]]></choice>
        </choices>
    </set>
</slideSlotActivity>