<?xml version="1.0" encoding="UTF-8" standalone="no"?>
<ContentItems xmlns:csmd="http://www.imsglobal.org/profile/cc/ccv1p2/ccv1p2_imscsmd_v1p0.xsd" xmlns:dc="http://dublincore.org/documents/dces/">
    <ContentItem>
        <dc:title><![CDATA[Linguistics]]></dc:title>
        <dc:description>This is an introductory lesson for the Linguistics 120 curriculum.</dc:description>
        <dc:creator/>
        <dc:contributor>None</dc:contributor>
        <dc:source>None</dc:source>
        <dc:relation>None</dc:relation>
        <dc:rights>yes</dc:rights>
        <dc:coverage/>
        <dc:subject>English as a Second Language, English Language Arts</dc:subject>
        <keyword>What is Linguistics</keyword>
        <keyword>Phonetics</keyword>
        <keyword>Morphology</keyword>
        <keyword>Syntax</keyword>
        <keyword>Semantics</keyword>
        <keyword>Linguistics</keyword>
        <keyword>Linguistics</keyword>
        <keyword>Linguistics</keyword>
        <dc:format>HTML / XHTML</dc:format>
        <dc:type>Tutorial</dc:type>
        <dc:audience>College Lower Division</dc:audience>
        <dc:license>Unspecified</dc:license>
        <dc:publisher>SoftChalk</dc:publisher>
        <version>1.0</version>
        <Cost Currency="USD">None</Cost>
        <SubTitle><![CDATA[A Brief Introduction]]></SubTitle>
        <SingleTry>true</SingleTry>
        <TotalPoints>48</TotalPoints>
        <SchoolName>Virginia Commonwealth University</SchoolName>
        <Language>English</Language>
        <NumberOfPages>5</NumberOfPages>
        <MainFileName>NewLinguistics</MainFileName>
        <CreatorFirstName/>
        <CreatorLastName/>
        <Subjects>
            <Subject>English as a Second Language</Subject>
            <Subject>English Language Arts</Subject>
        </Subjects>
        <Levels>
            <Level>Undergraduate</Level>
        </Levels>
        <ImagesPresent>true</ImagesPresent>
        <ImageEquivalents>false</ImageEquivalents>
        <ImageEquivalentsPresentation>Unspecified</ImageEquivalentsPresentation>
        <StructuralElements>
            <StructuralElement>Table of Contents</StructuralElement>
            <StructuralElement>Headings</StructuralElement>
            <StructuralElement>Page Numbers</StructuralElement>
        </StructuralElements>
        <FlashingPresent>false</FlashingPresent>
        <FlashingSlow>false</FlashingSlow>
        <FlashingDisablable>false</FlashingDisablable>
        <MultimediaPresent>true</MultimediaPresent>
        <MultimediaFormats>
            <MultimediaFormat>Interactive</MultimediaFormat>
        </MultimediaFormats>
        <MultimediaAlternatives/>
        <MultimediaComment/>
        <TablesPresent>false</TablesPresent>
        <TablesPresentation>Unspecified</TablesPresentation>
        <TableRowsColumnsIdentified>false</TableRowsColumnsIdentified>
        <ColorUsedForInformation>false</ColorUsedForInformation>
        <ColorAlternativesPresent>false</ColorAlternativesPresent>
        <TextContrast>Good</TextContrast>
        <TextModifiables/>
        <CommericalAlternative>false</CommericalAlternative>
        <CommericalAlternativeObjects>false</CommericalAlternativeObjects>
        <CommericalAlternativeReadingOrder>false</CommericalAlternativeReadingOrder>
        <FramesPresent>true</FramesPresent>
        <FormsPresent>false</FormsPresent>
        <ImageMapsPresent>false</ImageMapsPresent>
        <TimedResponseUsed>false</TimedResponseUsed>
        <Hazards>
            <Hazard>None</Hazard>
        </Hazards>
        <SupportTools>
            <SupportTool>None</SupportTool>
        </SupportTools>
        <StandardsSupport>
            <WCAGLevel>WCAG1A</WCAGLevel>
            <LegislationSupport>
                <Legislation>US (Section 508)</Legislation>
            </LegislationSupport>
            <StandardsComment/>
        </StandardsSupport>
    </ContentItem>
</ContentItems>
