<?xml version="1.0" encoding="UTF-8" standalone="no"?>
<selectAllActivity gradeSetsIndividually="false">
    <set columns="2" id="0" rows="2">
        <title encoding="true"><![CDATA[Identify+the+synonyms]]></title>
        <allowRetry>true</allowRetry>
        <choices>
            <choice correct="true" encoding="true" id="0" value="1.0"><![CDATA[infuriate]]></choice>
            <choice correct="true" encoding="true" id="1" value="1.0"><![CDATA[annoy]]></choice>
            <choice correct="true" encoding="true" id="2" value="1.0"><![CDATA[aggravate]]></choice>
            <choice correct="false" encoding="true" id="3" value="1.0"><![CDATA[encourage]]></choice>
        </choices>
    </set>
    <set columns="2" id="1" rows="2">
        <title encoding="true"><![CDATA[Identify+the+synonyms]]></title>
        <allowRetry>true</allowRetry>
        <choices>
            <choice correct="true" encoding="true" id="0" value="1.0"><![CDATA[cry]]></choice>
            <choice correct="true" encoding="true" id="1" value="1.0"><![CDATA[tear+up]]></choice>
            <choice correct="false" encoding="true" id="2" value="1.0"><![CDATA[laugh]]></choice>
            <choice correct="true" encoding="true" id="3" value="1.0"><![CDATA[weep]]></choice>
        </choices>
    </set>
    <set columns="2" id="2" rows="2">
        <title encoding="true"><![CDATA[Identify+the+synonyms]]></title>
        <allowRetry>true</allowRetry>
        <choices>
            <choice correct="true" encoding="true" id="0" value="1.0"><![CDATA[desist]]></choice>
            <choice correct="true" encoding="true" id="1" value="1.0"><![CDATA[stop]]></choice>
            <choice correct="true" encoding="true" id="2" value="1.0"><![CDATA[cease]]></choice>
            <choice correct="false" encoding="true" id="3" value="1.0"><![CDATA[balance]]></choice>
        </choices>
    </set>
</selectAllActivity>