<?xml version="1.0" encoding="UTF-8" ?>
<lesson>
<id>1310345025406</id>
<lessonrevisionnumber>121</lessonrevisionnumber>
<points>48</points>
<name urlencoding="UTF-8"><![CDATA[Linguistics]]></name>
<scoreditems>
  <quizpopper>
    <id>quizpopper1</id>
    <type>2</type>
    <points>5</points>
    <retry>true</retry>
    <position>1</position>
    <page>1</page>
    <question urlencoding="UTF-8"><![CDATA[Linguistics+involves+the+study+of+fruits+and+vegetables.]]></question>
    <choices>
      <choice>
        <id>q1a</id>
        <correct>false</correct>
        <text urlencoding="UTF-8"><![CDATA[True]]></text>
      </choice>
      <choice>
        <id>q1b</id>
        <correct>true</correct>
        <text urlencoding="UTF-8"><![CDATA[False]]></text>
      </choice>
    </choices>
<metadata xmlns:csmd="http://www.imsglobal.org/profile/cc/ccv1p2/ccv1p2_imscsmd_v1p0.xsd" xmlns:dc="http://dublincore.org/documents/dces/">
    <dc:title urlencoding="UTF-8"/>
    <dc:description urlencoding="UTF-8"/>
    <dc:creator urlencoding="UTF-8"/>
    <dc:contributor urlencoding="UTF-8">None</dc:contributor>
    <dc:source urlencoding="UTF-8">None</dc:source>
    <dc:relation urlencoding="UTF-8">None</dc:relation>
    <dc:rights>yes</dc:rights>
    <dc:coverage urlencoding="UTF-8"/>
    <dc:subject/>
    <dc:format>HTML / XHTML</dc:format>
    <dc:type>Tutorial</dc:type>
    <dc:audience>Unspecified</dc:audience>
    <dc:license>Unspecified</dc:license>
    <dc:publisher urlencoding="UTF-8">SoftChalk</dc:publisher>
    <version urlencoding="UTF-8">1.0</version>
    <Cost Currency="USD" urlencoding="UTF-8">None</Cost>
    <SubTitle urlencoding="UTF-8"/>
    <SingleTry/>
    <TotalPoints/>
    <SchoolName urlencoding="UTF-8"/>
    <Language urlencoding="UTF-8"/>
    <NumberOfPages/>
    <MainFileName/>
    <CreatorFirstName urlencoding="UTF-8"/>
    <CreatorLastName urlencoding="UTF-8"/>
    <Subjects/>
    <Levels/>
    <ImagesPresent>false</ImagesPresent>
    <ImageEquivalents>false</ImageEquivalents>
    <ImageEquivalentsPresentation>Unspecified</ImageEquivalentsPresentation>
    <StructuralElements/>
    <FlashingPresent>false</FlashingPresent>
    <FlashingSlow>false</FlashingSlow>
    <FlashingDisablable>false</FlashingDisablable>
    <MultimediaPresent>false</MultimediaPresent>
    <MultimediaFormats/>
    <MultimediaAlternatives/>
    <MultimediaComment urlencoding="UTF-8"/>
    <TablesPresent>false</TablesPresent>
    <TablesPresentation>Unspecified</TablesPresentation>
    <TableRowsColumnsIdentified>false</TableRowsColumnsIdentified>
    <ColorUsedForInformation>false</ColorUsedForInformation>
    <ColorAlternativesPresent>false</ColorAlternativesPresent>
    <TextContrast>Good</TextContrast>
    <TextModifiables/>
    <CommericalAlternative>false</CommericalAlternative>
    <CommericalAlternativeObjects>false</CommericalAlternativeObjects>
    <CommericalAlternativeReadingOrder>false</CommericalAlternativeReadingOrder>
    <FramesPresent>true</FramesPresent>
    <FormsPresent>false</FormsPresent>
    <ImageMapsPresent>false</ImageMapsPresent>
    <TimedResponseUsed>false</TimedResponseUsed>
    <Hazards>
        <Hazard>None</Hazard>
    </Hazards>
    <SupportTools>
        <SupportTool>None</SupportTool>
    </SupportTools>
    <StandardsSupport>
        <WCAGLevel>WCAG1A</WCAGLevel>
        <LegislationSupport>
            <Legislation>US (Section 508)</Legislation>
        </LegislationSupport>
        <StandardsComment urlencoding="UTF-8"/>
    </StandardsSupport>
</metadata>
  </quizpopper>
  <quizpopper>
    <id>quizpopper2</id>
    <type>1</type>
    <points>5</points>
    <retry>true</retry>
    <position>3</position>
    <page>2</page>
    <question urlencoding="UTF-8"><![CDATA[The+vowel+sound+in+%22bed%22+is...]]></question>
    <choices>
      <choice>
        <id>q2a</id>
        <correct>true</correct>
        <text urlencoding="UTF-8"><![CDATA[%C9%9B]]></text>
      </choice>
      <choice>
        <id>q2b</id>
        <correct>false</correct>
        <text urlencoding="UTF-8"><![CDATA[%C3%A6]]></text>
      </choice>
      <choice>
        <id>q2c</id>
        <correct>false</correct>
        <text urlencoding="UTF-8"><![CDATA[%C9%99]]></text>
      </choice>
    </choices>
<metadata xmlns:csmd="http://www.imsglobal.org/profile/cc/ccv1p2/ccv1p2_imscsmd_v1p0.xsd" xmlns:dc="http://dublincore.org/documents/dces/">
    <dc:title urlencoding="UTF-8"/>
    <dc:description urlencoding="UTF-8"/>
    <dc:creator urlencoding="UTF-8"/>
    <dc:contributor urlencoding="UTF-8">None</dc:contributor>
    <dc:source urlencoding="UTF-8">None</dc:source>
    <dc:relation urlencoding="UTF-8">None</dc:relation>
    <dc:rights>yes</dc:rights>
    <dc:coverage urlencoding="UTF-8"/>
    <dc:subject/>
    <dc:format>HTML / XHTML</dc:format>
    <dc:type>Tutorial</dc:type>
    <dc:audience>Unspecified</dc:audience>
    <dc:license>Unspecified</dc:license>
    <dc:publisher urlencoding="UTF-8">SoftChalk</dc:publisher>
    <version urlencoding="UTF-8">1.0</version>
    <Cost Currency="USD" urlencoding="UTF-8">None</Cost>
    <SubTitle urlencoding="UTF-8"/>
    <SingleTry/>
    <TotalPoints/>
    <SchoolName urlencoding="UTF-8"/>
    <Language urlencoding="UTF-8"/>
    <NumberOfPages/>
    <MainFileName/>
    <CreatorFirstName urlencoding="UTF-8"/>
    <CreatorLastName urlencoding="UTF-8"/>
    <Subjects/>
    <Levels/>
    <ImagesPresent>false</ImagesPresent>
    <ImageEquivalents>false</ImageEquivalents>
    <ImageEquivalentsPresentation>Unspecified</ImageEquivalentsPresentation>
    <StructuralElements/>
    <FlashingPresent>false</FlashingPresent>
    <FlashingSlow>false</FlashingSlow>
    <FlashingDisablable>false</FlashingDisablable>
    <MultimediaPresent>false</MultimediaPresent>
    <MultimediaFormats/>
    <MultimediaAlternatives/>
    <MultimediaComment urlencoding="UTF-8"/>
    <TablesPresent>false</TablesPresent>
    <TablesPresentation>Unspecified</TablesPresentation>
    <TableRowsColumnsIdentified>false</TableRowsColumnsIdentified>
    <ColorUsedForInformation>false</ColorUsedForInformation>
    <ColorAlternativesPresent>false</ColorAlternativesPresent>
    <TextContrast>Good</TextContrast>
    <TextModifiables/>
    <CommericalAlternative>false</CommericalAlternative>
    <CommericalAlternativeObjects>false</CommericalAlternativeObjects>
    <CommericalAlternativeReadingOrder>false</CommericalAlternativeReadingOrder>
    <FramesPresent>true</FramesPresent>
    <FormsPresent>false</FormsPresent>
    <ImageMapsPresent>false</ImageMapsPresent>
    <TimedResponseUsed>false</TimedResponseUsed>
    <Hazards>
        <Hazard>None</Hazard>
    </Hazards>
    <SupportTools>
        <SupportTool>None</SupportTool>
    </SupportTools>
    <StandardsSupport>
        <WCAGLevel>WCAG1A</WCAGLevel>
        <LegislationSupport>
            <Legislation>US (Section 508)</Legislation>
        </LegislationSupport>
        <StandardsComment urlencoding="UTF-8"/>
    </StandardsSupport>
</metadata>
  </quizpopper>
  <activity>
    <id>activity-1</id>
    <type>201</type>
    <points>3</points>
    <retry>true</retry>
    <position>2</position>
    <page>1</page>
    <description urlencoding="UTF-8"><![CDATA[Identify+Activity]]></description>
    <xml urlencoding="UTF-8"><![CDATA[%3C%3Fxml+version%3D%221.0%22+encoding%3D%22UTF-8%22+standalone%3D%22no%22%3F%3E%0A%3CslideIdentificationActivity+gradeSetsIndividually%3D%22false%22%3E%0A++++%3Cset+columns%3D%223%22+id%3D%220%22+rows%3D%221%22%3E%0A++++++++%3Ctitle+encoding%3D%22true%22%3E%3C%21%5BCDATA%5BWhich%2Blinguist%2Bis%2Bshown%2Bbelow%253F%5D%5D%3E%3C%2Ftitle%3E%0A++++++++%3CallowRetry%3Etrue%3C%2FallowRetry%3E%0A++++++++%3Cimage%3E%3C%21%5BCDATA%5B%3Cimg+src%3D%22lessonimages%2FidentifyImage1_0.png%22+width%3D%22192%22+height%3D%22253%22%3E%3C%2Fimg%3E%5D%5D%3E%3C%2Fimage%3E%0A++++++++%3Cchoices%3E%0A++++++++++++%3Cchoice+correct%3D%22true%22+encoding%3D%22true%22+id%3D%220%22+value%3D%221.0%22%3E%3C%21%5BCDATA%5BJakob%2BGrimm%5D%5D%3E%3C%2Fchoice%3E%0A++++++++++++%3Cchoice+correct%3D%22false%22+encoding%3D%22true%22+id%3D%221%22+value%3D%220.0%22%3E%3C%21%5BCDATA%5BNoam%2BChomsky%5D%5D%3E%3C%2Fchoice%3E%0A++++++++++++%3Cchoice+correct%3D%22false%22+encoding%3D%22true%22+id%3D%222%22+value%3D%220.0%22%3E%3C%21%5BCDATA%5BFerdinand%2Bde%2BSaussur%5D%5D%3E%3C%2Fchoice%3E%0A++++++++%3C%2Fchoices%3E%0A++++%3C%2Fset%3E%0A++++%3Cset+columns%3D%223%22+id%3D%221%22+rows%3D%221%22%3E%0A++++++++%3Ctitle+encoding%3D%22true%22%3E%3C%21%5BCDATA%5BWhich%2Blinguist%2Bis%2Bshown%2Bbelow%253F%5D%5D%3E%3C%2Ftitle%3E%0A++++++++%3CallowRetry%3Etrue%3C%2FallowRetry%3E%0A++++++++%3Cimage%3E%3C%21%5BCDATA%5B%3Cimg+src%3D%22lessonimages%2FidentifyImage1_1.png%22+width%3D%22186%22+height%3D%22256%22%3E%3C%2Fimg%3E%5D%5D%3E%3C%2Fimage%3E%0A++++++++%3Cchoices%3E%0A++++++++++++%3Cchoice+correct%3D%22true%22+encoding%3D%22true%22+id%3D%220%22+value%3D%221.0%22%3E%3C%21%5BCDATA%5BFerdinand%2Bde%2BSaussur%5D%5D%3E%3C%2Fchoice%3E%0A++++++++++++%3Cchoice+correct%3D%22false%22+encoding%3D%22true%22+id%3D%221%22+value%3D%220.0%22%3E%3C%21%5BCDATA%5BJakob%2BGrimm%5D%5D%3E%3C%2Fchoice%3E%0A++++++++++++%3Cchoice+correct%3D%22false%22+encoding%3D%22true%22+id%3D%222%22+value%3D%220.0%22%3E%3C%21%5BCDATA%5BNoam%2BChomsky%5D%5D%3E%3C%2Fchoice%3E%0A++++++++%3C%2Fchoices%3E%0A++++%3C%2Fset%3E%0A++++%3Cset+columns%3D%223%22+id%3D%222%22+rows%3D%221%22%3E%0A++++++++%3Ctitle+encoding%3D%22true%22%3E%3C%21%5BCDATA%5BWhich%2Blinguist%2Bis%2Bshown%2Bbelow%253F%5D%5D%3E%3C%2Ftitle%3E%0A++++++++%3CallowRetry%3Etrue%3C%2FallowRetry%3E%0A++++++++%3Cimage%3E%3C%21%5BCDATA%5B%3Cimg+src%3D%22lessonimages%2FidentifyImage1_2.png%22+width%3D%22191%22+height%3D%22256%22%3E%3C%2Fimg%3E%5D%5D%3E%3C%2Fimage%3E%0A++++++++%3Cchoices%3E%0A++++++++++++%3Cchoice+correct%3D%22true%22+encoding%3D%22true%22+id%3D%220%22+value%3D%221.0%22%3E%3C%21%5BCDATA%5BNoam%2BChomsky%5D%5D%3E%3C%2Fchoice%3E%0A++++++++++++%3Cchoice+correct%3D%22false%22+encoding%3D%22true%22+id%3D%221%22+value%3D%220.0%22%3E%3C%21%5BCDATA%5BFerdinand%2Bde%2BSaussur%5D%5D%3E%3C%2Fchoice%3E%0A++++++++++++%3Cchoice+correct%3D%22false%22+encoding%3D%22true%22+id%3D%222%22+value%3D%220.0%22%3E%3C%21%5BCDATA%5BJakob%2BGrimm%5D%5D%3E%3C%2Fchoice%3E%0A++++++++%3C%2Fchoices%3E%0A++++%3C%2Fset%3E%0A%3C%2FslideIdentificationActivity%3E]]></xml>
<metadata xmlns:csmd="http://www.imsglobal.org/profile/cc/ccv1p2/ccv1p2_imscsmd_v1p0.xsd" xmlns:dc="http://dublincore.org/documents/dces/">
    <dc:title urlencoding="UTF-8"/>
    <dc:description urlencoding="UTF-8"/>
    <dc:creator urlencoding="UTF-8"/>
    <dc:contributor urlencoding="UTF-8">None</dc:contributor>
    <dc:source urlencoding="UTF-8">None</dc:source>
    <dc:relation urlencoding="UTF-8">None</dc:relation>
    <dc:rights>yes</dc:rights>
    <dc:coverage urlencoding="UTF-8"/>
    <dc:subject/>
    <dc:format>HTML / XHTML</dc:format>
    <dc:type>Tutorial</dc:type>
    <dc:audience>Unspecified</dc:audience>
    <dc:license>Unspecified</dc:license>
    <dc:publisher urlencoding="UTF-8">SoftChalk</dc:publisher>
    <version urlencoding="UTF-8">1.0</version>
    <Cost Currency="USD" urlencoding="UTF-8">None</Cost>
    <SubTitle urlencoding="UTF-8"/>
    <SingleTry/>
    <TotalPoints/>
    <SchoolName urlencoding="UTF-8"/>
    <Language urlencoding="UTF-8"/>
    <NumberOfPages/>
    <MainFileName/>
    <CreatorFirstName urlencoding="UTF-8"/>
    <CreatorLastName urlencoding="UTF-8"/>
    <Subjects/>
    <Levels/>
    <ImagesPresent>false</ImagesPresent>
    <ImageEquivalents>false</ImageEquivalents>
    <ImageEquivalentsPresentation>Unspecified</ImageEquivalentsPresentation>
    <StructuralElements/>
    <FlashingPresent>false</FlashingPresent>
    <FlashingSlow>false</FlashingSlow>
    <FlashingDisablable>false</FlashingDisablable>
    <MultimediaPresent>false</MultimediaPresent>
    <MultimediaFormats/>
    <MultimediaAlternatives/>
    <MultimediaComment urlencoding="UTF-8"/>
    <TablesPresent>false</TablesPresent>
    <TablesPresentation>Unspecified</TablesPresentation>
    <TableRowsColumnsIdentified>false</TableRowsColumnsIdentified>
    <ColorUsedForInformation>false</ColorUsedForInformation>
    <ColorAlternativesPresent>false</ColorAlternativesPresent>
    <TextContrast>Good</TextContrast>
    <TextModifiables/>
    <CommericalAlternative>false</CommericalAlternative>
    <CommericalAlternativeObjects>false</CommericalAlternativeObjects>
    <CommericalAlternativeReadingOrder>false</CommericalAlternativeReadingOrder>
    <FramesPresent>true</FramesPresent>
    <FormsPresent>false</FormsPresent>
    <ImageMapsPresent>false</ImageMapsPresent>
    <TimedResponseUsed>false</TimedResponseUsed>
    <Hazards>
        <Hazard>None</Hazard>
    </Hazards>
    <SupportTools>
        <SupportTool>None</SupportTool>
    </SupportTools>
    <StandardsSupport>
        <WCAGLevel>WCAG1A</WCAGLevel>
        <LegislationSupport>
            <Legislation>US (Section 508)</Legislation>
        </LegislationSupport>
        <StandardsComment urlencoding="UTF-8"/>
    </StandardsSupport>
</metadata>
  </activity>
  <activity>
    <id>activity-2</id>
    <type>205</type>
    <points>12</points>
    <retry>true</retry>
    <position>4</position>
    <page>2</page>
    <description urlencoding="UTF-8"><![CDATA[Pairs+Activity]]></description>
    <xml urlencoding="UTF-8"><![CDATA[%3C%3Fxml+version%3D%221.0%22+encoding%3D%22UTF-8%22+standalone%3D%22no%22%3F%3E%0A%3CmatchingActivity+gradeSetsIndividually%3D%22false%22%3E%0A++++%3Cset+columns%3D%223%22+id%3D%220%22+rows%3D%224%22%3E%0A++++++++%3Ctitle+encoding%3D%22true%22%3E%3C%21%5BCDATA%5BMatch%2Bthe%2BIPA%2BEquivalent%5D%5D%3E%3C%2Ftitle%3E%0A++++++++%3CallowRetry%3Etrue%3C%2FallowRetry%3E%0A++++++++%3Cmatches%3E%0A++++++++++++%3Cmatchset+id%3D%220%22+value%3D%221.0%22%3E%0A++++++++++++++++%3Cleft+encoding%3D%22true%22%3E%3C%21%5BCDATA%5Blittle%5D%5D%3E%3C%2Fleft%3E%0A++++++++++++++++%3Cright+encoding%3D%22true%22%3E%3C%21%5BCDATA%5Bl%2526%2523618%253Bt%2526%2523601%253Bl%5D%5D%3E%3C%2Fright%3E%0A++++++++++++%3C%2Fmatchset%3E%0A++++++++++++%3Cmatchset+id%3D%221%22+value%3D%221.0%22%3E%0A++++++++++++++++%3Cleft+encoding%3D%22true%22%3E%3C%21%5BCDATA%5Buncle%5D%5D%3E%3C%2Fleft%3E%0A++++++++++++++++%3Cright+encoding%3D%22true%22%3E%3C%21%5BCDATA%5B%2526%2523652%253B%2526%2523331%253Bk%2526%2523601%253Bl%5D%5D%3E%3C%2Fright%3E%0A++++++++++++%3C%2Fmatchset%3E%0A++++++++++++%3Cmatchset+id%3D%222%22+value%3D%221.0%22%3E%0A++++++++++++++++%3Cleft+encoding%3D%22true%22%3E%3C%21%5BCDATA%5Bbattleship%5D%5D%3E%3C%2Fleft%3E%0A++++++++++++++++%3Cright+encoding%3D%22true%22%3E%3C%21%5BCDATA%5Bb%2526aelig%253Bt%2526%2523601%253Bl%2526%252364%5D%5D%3E%3C%2Fright%3E%0A++++++++++++%3C%2Fmatchset%3E%0A++++++++++++%3Cmatchset+id%3D%223%22+value%3D%221.0%22%3E%0A++++++++++++++++%3Cleft+encoding%3D%22true%22%3E%3C%21%5BCDATA%5Blisten%5D%5D%3E%3C%2Fleft%3E%0A++++++++++++++++%3Cright+encoding%3D%22true%22%3E%3C%21%5BCDATA%5Bl%2526%2523618%253Bs%2526%2523601%253Bn%5D%5D%3E%3C%2Fright%3E%0A++++++++++++%3C%2Fmatchset%3E%0A++++++++++++%3Cmatchset+id%3D%224%22+value%3D%221.0%22%3E%0A++++++++++++++++%3Cleft+encoding%3D%22true%22%3E%3C%21%5BCDATA%5Bvery%5D%5D%3E%3C%2Fleft%3E%0A++++++++++++++++%3Cright+encoding%3D%22true%22%3E%3C%21%5BCDATA%5Bveri%5D%5D%3E%3C%2Fright%3E%0A++++++++++++%3C%2Fmatchset%3E%0A++++++++++++%3Cmatchset+id%3D%225%22+value%3D%221.0%22%3E%0A++++++++++++++++%3Cleft+encoding%3D%22true%22%3E%3C%21%5BCDATA%5Bprevious%5D%5D%3E%3C%2Fleft%3E%0A++++++++++++++++%3Cright+encoding%3D%22true%22%3E%3C%21%5BCDATA%5Bpri%253Avi%2526%2523601%253Bs%5D%5D%3E%3C%2Fright%3E%0A++++++++++++%3C%2Fmatchset%3E%0A++++++++%3C%2Fmatches%3E%0A++++%3C%2Fset%3E%0A++++%3Cset+columns%3D%223%22+id%3D%221%22+rows%3D%224%22%3E%0A++++++++%3Ctitle+encoding%3D%22true%22%3E%3C%21%5BCDATA%5BMatch%2Bthe%2BIPA%2BEquivalent%5D%5D%3E%3C%2Ftitle%3E%0A++++++++%3CallowRetry%3Etrue%3C%2FallowRetry%3E%0A++++++++%3Cmatches%3E%0A++++++++++++%3Cmatchset+id%3D%220%22+value%3D%221.0%22%3E%0A++++++++++++++++%3Cleft+encoding%3D%22true%22%3E%3C%21%5BCDATA%5Blittle%5D%5D%3E%3C%2Fleft%3E%0A++++++++++++++++%3Cright+encoding%3D%22true%22%3E%3C%21%5BCDATA%5Bl%2526%2523618%253Bt%2526%2523601%253Bl%5D%5D%3E%3C%2Fright%3E%0A++++++++++++%3C%2Fmatchset%3E%0A++++++++++++%3Cmatchset+id%3D%221%22+value%3D%221.0%22%3E%0A++++++++++++++++%3Cleft+encoding%3D%22true%22%3E%3C%21%5BCDATA%5Buncle%5D%5D%3E%3C%2Fleft%3E%0A++++++++++++++++%3Cright+encoding%3D%22true%22%3E%3C%21%5BCDATA%5B%2526%2523652%253B%2526%2523331%253Bk%2526%2523601%253Bl%5D%5D%3E%3C%2Fright%3E%0A++++++++++++%3C%2Fmatchset%3E%0A++++++++++++%3Cmatchset+id%3D%222%22+value%3D%221.0%22%3E%0A++++++++++++++++%3Cleft+encoding%3D%22true%22%3E%3C%21%5BCDATA%5Bbattleship%5D%5D%3E%3C%2Fleft%3E%0A++++++++++++++++%3Cright+encoding%3D%22true%22%3E%3C%21%5BCDATA%5Bb%2526aelig%253Bt%2526%2523601%253Bl%2526%252364%5D%5D%3E%3C%2Fright%3E%0A++++++++++++%3C%2Fmatchset%3E%0A++++++++++++%3Cmatchset+id%3D%223%22+value%3D%221.0%22%3E%0A++++++++++++++++%3Cleft+encoding%3D%22true%22%3E%3C%21%5BCDATA%5Blisten%5D%5D%3E%3C%2Fleft%3E%0A++++++++++++++++%3Cright+encoding%3D%22true%22%3E%3C%21%5BCDATA%5Bl%2526%2523618%253Bs%2526%2523601%253Bn%5D%5D%3E%3C%2Fright%3E%0A++++++++++++%3C%2Fmatchset%3E%0A++++++++++++%3Cmatchset+id%3D%224%22+value%3D%221.0%22%3E%0A++++++++++++++++%3Cleft+encoding%3D%22true%22%3E%3C%21%5BCDATA%5Bvery%5D%5D%3E%3C%2Fleft%3E%0A++++++++++++++++%3Cright+encoding%3D%22true%22%3E%3C%21%5BCDATA%5Bveri%5D%5D%3E%3C%2Fright%3E%0A++++++++++++%3C%2Fmatchset%3E%0A++++++++++++%3Cmatchset+id%3D%225%22+value%3D%221.0%22%3E%0A++++++++++++++++%3Cleft+encoding%3D%22true%22%3E%3C%21%5BCDATA%5Bprevious%5D%5D%3E%3C%2Fleft%3E%0A++++++++++++++++%3Cright+encoding%3D%22true%22%3E%3C%21%5BCDATA%5Bpri%253Avi%2526%2523601%253Bs%5D%5D%3E%3C%2Fright%3E%0A++++++++++++%3C%2Fmatchset%3E%0A++++++++%3C%2Fmatches%3E%0A++++%3C%2Fset%3E%0A%3C%2FmatchingActivity%3E]]></xml>
<metadata xmlns:csmd="http://www.imsglobal.org/profile/cc/ccv1p2/ccv1p2_imscsmd_v1p0.xsd" xmlns:dc="http://dublincore.org/documents/dces/">
    <dc:title urlencoding="UTF-8"/>
    <dc:description urlencoding="UTF-8"/>
    <dc:creator urlencoding="UTF-8"/>
    <dc:contributor urlencoding="UTF-8">None</dc:contributor>
    <dc:source urlencoding="UTF-8">None</dc:source>
    <dc:relation urlencoding="UTF-8">None</dc:relation>
    <dc:rights>yes</dc:rights>
    <dc:coverage urlencoding="UTF-8"/>
    <dc:subject/>
    <dc:format>HTML / XHTML</dc:format>
    <dc:type>Tutorial</dc:type>
    <dc:audience>Unspecified</dc:audience>
    <dc:license>Unspecified</dc:license>
    <dc:publisher urlencoding="UTF-8">SoftChalk</dc:publisher>
    <version urlencoding="UTF-8">1.0</version>
    <Cost Currency="USD" urlencoding="UTF-8">None</Cost>
    <SubTitle urlencoding="UTF-8"/>
    <SingleTry/>
    <TotalPoints/>
    <SchoolName urlencoding="UTF-8"/>
    <Language urlencoding="UTF-8"/>
    <NumberOfPages/>
    <MainFileName/>
    <CreatorFirstName urlencoding="UTF-8"/>
    <CreatorLastName urlencoding="UTF-8"/>
    <Subjects/>
    <Levels/>
    <ImagesPresent>false</ImagesPresent>
    <ImageEquivalents>false</ImageEquivalents>
    <ImageEquivalentsPresentation>Unspecified</ImageEquivalentsPresentation>
    <StructuralElements/>
    <FlashingPresent>false</FlashingPresent>
    <FlashingSlow>false</FlashingSlow>
    <FlashingDisablable>false</FlashingDisablable>
    <MultimediaPresent>false</MultimediaPresent>
    <MultimediaFormats/>
    <MultimediaAlternatives/>
    <MultimediaComment urlencoding="UTF-8"/>
    <TablesPresent>false</TablesPresent>
    <TablesPresentation>Unspecified</TablesPresentation>
    <TableRowsColumnsIdentified>false</TableRowsColumnsIdentified>
    <ColorUsedForInformation>false</ColorUsedForInformation>
    <ColorAlternativesPresent>false</ColorAlternativesPresent>
    <TextContrast>Good</TextContrast>
    <TextModifiables/>
    <CommericalAlternative>false</CommericalAlternative>
    <CommericalAlternativeObjects>false</CommericalAlternativeObjects>
    <CommericalAlternativeReadingOrder>false</CommericalAlternativeReadingOrder>
    <FramesPresent>true</FramesPresent>
    <FormsPresent>false</FormsPresent>
    <ImageMapsPresent>false</ImageMapsPresent>
    <TimedResponseUsed>false</TimedResponseUsed>
    <Hazards>
        <Hazard>None</Hazard>
    </Hazards>
    <SupportTools>
        <SupportTool>None</SupportTool>
    </SupportTools>
    <StandardsSupport>
        <WCAGLevel>WCAG1A</WCAGLevel>
        <LegislationSupport>
            <Legislation>US (Section 508)</Legislation>
        </LegislationSupport>
        <StandardsComment urlencoding="UTF-8"/>
    </StandardsSupport>
</metadata>
  </activity>
  <activity>
    <id>activity-8</id>
    <type>200</type>
    <points>6</points>
    <retry>true</retry>
    <position>5</position>
    <page>3</page>
    <description urlencoding="UTF-8"><![CDATA[Align+Activity]]></description>
    <xml urlencoding="UTF-8"><![CDATA[%3C%3Fxml+version%3D%221.0%22+encoding%3D%22UTF-8%22+standalone%3D%22no%22%3F%3E%0A%3CslideSlotActivity+gradeSetsIndividually%3D%22false%22%3E%0A++++%3Cset+columns%3D%224%22+id%3D%220%22+rows%3D%223%22%3E%0A++++++++%3Ctitle+encoding%3D%22true%22%3E%3C%21%5BCDATA%5BFind%2Bthe%2Bconstituent%2Bwords%2Bfrom%2Bthe%2Bcompound%2Bwords%5D%5D%3E%3C%2Ftitle%3E%0A++++++++%3CallowRetry%3Etrue%3C%2FallowRetry%3E%0A++++++++%3Cchoices%3E%0A++++++++++++%3Cchoice+column%3D%220%22+correct%3D%22true%22+encoding%3D%22true%22+id%3D%220%22+row%3D%220%22+value%3D%221.0%22%3E%3C%21%5BCDATA%5BCamcorder%5D%5D%3E%3C%2Fchoice%3E%0A++++++++++++%3Cchoice+column%3D%221%22+correct%3D%22false%22+encoding%3D%22true%22+id%3D%221%22+row%3D%220%22+value%3D%220.0%22%3E%3C%21%5BCDATA%5BChunnel%5D%5D%3E%3C%2Fchoice%3E%0A++++++++++++%3Cchoice+column%3D%220%22+correct%3D%22true%22+encoding%3D%22true%22+id%3D%222%22+row%3D%221%22+value%3D%221.0%22%3E%3C%21%5BCDATA%5BCamera%5D%5D%3E%3C%2Fchoice%3E%0A++++++++++++%3Cchoice+column%3D%221%22+correct%3D%22false%22+encoding%3D%22true%22+id%3D%223%22+row%3D%221%22+value%3D%220.0%22%3E%3C%21%5BCDATA%5BChannel%5D%5D%3E%3C%2Fchoice%3E%0A++++++++++++%3Cchoice+column%3D%220%22+correct%3D%22true%22+encoding%3D%22true%22+id%3D%224%22+row%3D%222%22+value%3D%221.0%22%3E%3C%21%5BCDATA%5BRecorder%5D%5D%3E%3C%2Fchoice%3E%0A++++++++++++%3Cchoice+column%3D%221%22+correct%3D%22false%22+encoding%3D%22true%22+id%3D%225%22+row%3D%222%22+value%3D%220.0%22%3E%3C%21%5BCDATA%5BTunnel%5D%5D%3E%3C%2Fchoice%3E%0A++++++++%3C%2Fchoices%3E%0A++++%3C%2Fset%3E%0A++++%3Cset+columns%3D%224%22+id%3D%221%22+rows%3D%223%22%3E%0A++++++++%3Ctitle+encoding%3D%22true%22%3E%3C%21%5BCDATA%5BFind%2Bthe%2Bconstituent%2Bwords%2Bfrom%2Bthe%2Bcompound%2Bwords%5D%5D%3E%3C%2Ftitle%3E%0A++++++++%3CallowRetry%3Etrue%3C%2FallowRetry%3E%0A++++++++%3Cchoices%3E%0A++++++++++++%3Cchoice+column%3D%220%22+correct%3D%22true%22+encoding%3D%22true%22+id%3D%220%22+row%3D%220%22+value%3D%221.0%22%3E%3C%21%5BCDATA%5BChunnel%5D%5D%3E%3C%2Fchoice%3E%0A++++++++++++%3Cchoice+column%3D%221%22+correct%3D%22false%22+encoding%3D%22true%22+id%3D%221%22+row%3D%220%22+value%3D%220.0%22%3E%3C%21%5BCDATA%5BCamcorder%5D%5D%3E%3C%2Fchoice%3E%0A++++++++++++%3Cchoice+column%3D%220%22+correct%3D%22true%22+encoding%3D%22true%22+id%3D%222%22+row%3D%221%22+value%3D%221.0%22%3E%3C%21%5BCDATA%5BChannel%5D%5D%3E%3C%2Fchoice%3E%0A++++++++++++%3Cchoice+column%3D%221%22+correct%3D%22false%22+encoding%3D%22true%22+id%3D%223%22+row%3D%221%22+value%3D%220.0%22%3E%3C%21%5BCDATA%5BCamera%5D%5D%3E%3C%2Fchoice%3E%0A++++++++++++%3Cchoice+column%3D%220%22+correct%3D%22true%22+encoding%3D%22true%22+id%3D%224%22+row%3D%222%22+value%3D%221.0%22%3E%3C%21%5BCDATA%5BTunnel%5D%5D%3E%3C%2Fchoice%3E%0A++++++++++++%3Cchoice+column%3D%221%22+correct%3D%22false%22+encoding%3D%22true%22+id%3D%225%22+row%3D%222%22+value%3D%220.0%22%3E%3C%21%5BCDATA%5BRecorder%5D%5D%3E%3C%2Fchoice%3E%0A++++++++%3C%2Fchoices%3E%0A++++%3C%2Fset%3E%0A%3C%2FslideSlotActivity%3E]]></xml>
<metadata xmlns:csmd="http://www.imsglobal.org/profile/cc/ccv1p2/ccv1p2_imscsmd_v1p0.xsd" xmlns:dc="http://dublincore.org/documents/dces/">
    <dc:title urlencoding="UTF-8"/>
    <dc:description urlencoding="UTF-8"/>
    <dc:creator urlencoding="UTF-8"/>
    <dc:contributor urlencoding="UTF-8">None</dc:contributor>
    <dc:source urlencoding="UTF-8">None</dc:source>
    <dc:relation urlencoding="UTF-8">None</dc:relation>
    <dc:rights>yes</dc:rights>
    <dc:coverage urlencoding="UTF-8"/>
    <dc:subject/>
    <dc:format>HTML / XHTML</dc:format>
    <dc:type>Tutorial</dc:type>
    <dc:audience>Unspecified</dc:audience>
    <dc:license>Unspecified</dc:license>
    <dc:publisher urlencoding="UTF-8">SoftChalk</dc:publisher>
    <version urlencoding="UTF-8">1.0</version>
    <Cost Currency="USD" urlencoding="UTF-8">None</Cost>
    <SubTitle urlencoding="UTF-8"/>
    <SingleTry/>
    <TotalPoints/>
    <SchoolName urlencoding="UTF-8"/>
    <Language urlencoding="UTF-8"/>
    <NumberOfPages/>
    <MainFileName/>
    <CreatorFirstName urlencoding="UTF-8"/>
    <CreatorLastName urlencoding="UTF-8"/>
    <Subjects/>
    <Levels/>
    <ImagesPresent>false</ImagesPresent>
    <ImageEquivalents>false</ImageEquivalents>
    <ImageEquivalentsPresentation>Unspecified</ImageEquivalentsPresentation>
    <StructuralElements/>
    <FlashingPresent>false</FlashingPresent>
    <FlashingSlow>false</FlashingSlow>
    <FlashingDisablable>false</FlashingDisablable>
    <MultimediaPresent>false</MultimediaPresent>
    <MultimediaFormats/>
    <MultimediaAlternatives/>
    <MultimediaComment urlencoding="UTF-8"/>
    <TablesPresent>false</TablesPresent>
    <TablesPresentation>Unspecified</TablesPresentation>
    <TableRowsColumnsIdentified>false</TableRowsColumnsIdentified>
    <ColorUsedForInformation>false</ColorUsedForInformation>
    <ColorAlternativesPresent>false</ColorAlternativesPresent>
    <TextContrast>Good</TextContrast>
    <TextModifiables/>
    <CommericalAlternative>false</CommericalAlternative>
    <CommericalAlternativeObjects>false</CommericalAlternativeObjects>
    <CommericalAlternativeReadingOrder>false</CommericalAlternativeReadingOrder>
    <FramesPresent>true</FramesPresent>
    <FormsPresent>false</FormsPresent>
    <ImageMapsPresent>false</ImageMapsPresent>
    <TimedResponseUsed>false</TimedResponseUsed>
    <Hazards>
        <Hazard>None</Hazard>
    </Hazards>
    <SupportTools>
        <SupportTool>None</SupportTool>
    </SupportTools>
    <StandardsSupport>
        <WCAGLevel>WCAG1A</WCAGLevel>
        <LegislationSupport>
            <Legislation>US (Section 508)</Legislation>
        </LegislationSupport>
        <StandardsComment urlencoding="UTF-8"/>
    </StandardsSupport>
</metadata>
  </activity>
  <activity>
    <id>activity-3</id>
    <type>204</type>
    <points>8</points>
    <retry>true</retry>
    <position>6</position>
    <page>4</page>
    <description urlencoding="UTF-8"><![CDATA[Sequence+Activity]]></description>
    <xml urlencoding="UTF-8"><![CDATA[%3C%3Fxml+version%3D%221.0%22+encoding%3D%22UTF-8%22+standalone%3D%22no%22%3F%3E%0A%3CorderingActivity+gradeSetsIndividually%3D%22false%22%3E%0A++++%3Cset+columns%3D%221%22+id%3D%220%22+rows%3D%224%22%3E%0A++++++++%3Ctitle+encoding%3D%22true%22%3E%3C%21%5BCDATA%5BPlace%2Bwords%2Bin%2Bsentence%2Border%5D%5D%3E%3C%2Ftitle%3E%0A++++++++%3CallowRetry%3Etrue%3C%2FallowRetry%3E%0A++++++++%3Cchoices%3E%0A++++++++++++%3Cchoice+encoding%3D%22true%22+id%3D%220%22+value%3D%221.0%22%3E%3C%21%5BCDATA%5BA%5D%5D%3E%3C%2Fchoice%3E%0A++++++++++++%3Cchoice+encoding%3D%22true%22+id%3D%221%22+value%3D%221.0%22%3E%3C%21%5BCDATA%5Bdog%5D%5D%3E%3C%2Fchoice%3E%0A++++++++++++%3Cchoice+encoding%3D%22true%22+id%3D%222%22+value%3D%221.0%22%3E%3C%21%5BCDATA%5Bbit%5D%5D%3E%3C%2Fchoice%3E%0A++++++++++++%3Cchoice+encoding%3D%22true%22+id%3D%223%22+value%3D%221.0%22%3E%3C%21%5BCDATA%5BSally%5D%5D%3E%3C%2Fchoice%3E%0A++++++++%3C%2Fchoices%3E%0A++++%3C%2Fset%3E%0A++++%3Cset+columns%3D%221%22+id%3D%221%22+rows%3D%224%22%3E%0A++++++++%3Ctitle+encoding%3D%22true%22%3E%3C%21%5BCDATA%5BPlace%2Bwords%2Bin%2Bsentence%2Border%5D%5D%3E%3C%2Ftitle%3E%0A++++++++%3CallowRetry%3Etrue%3C%2FallowRetry%3E%0A++++++++%3Cchoices%3E%0A++++++++++++%3Cchoice+encoding%3D%22true%22+id%3D%220%22+value%3D%221.0%22%3E%3C%21%5BCDATA%5BSally%5D%5D%3E%3C%2Fchoice%3E%0A++++++++++++%3Cchoice+encoding%3D%22true%22+id%3D%221%22+value%3D%221.0%22%3E%3C%21%5BCDATA%5Bsaw%5D%5D%3E%3C%2Fchoice%3E%0A++++++++++++%3Cchoice+encoding%3D%22true%22+id%3D%222%22+value%3D%221.0%22%3E%3C%21%5BCDATA%5Bthe%5D%5D%3E%3C%2Fchoice%3E%0A++++++++++++%3Cchoice+encoding%3D%22true%22+id%3D%223%22+value%3D%221.0%22%3E%3C%21%5BCDATA%5Bdogs%5D%5D%3E%3C%2Fchoice%3E%0A++++++++%3C%2Fchoices%3E%0A++++%3C%2Fset%3E%0A%3C%2ForderingActivity%3E]]></xml>
<metadata xmlns:csmd="http://www.imsglobal.org/profile/cc/ccv1p2/ccv1p2_imscsmd_v1p0.xsd" xmlns:dc="http://dublincore.org/documents/dces/">
    <dc:title urlencoding="UTF-8"/>
    <dc:description urlencoding="UTF-8"/>
    <dc:creator urlencoding="UTF-8"/>
    <dc:contributor urlencoding="UTF-8">None</dc:contributor>
    <dc:source urlencoding="UTF-8">None</dc:source>
    <dc:relation urlencoding="UTF-8">None</dc:relation>
    <dc:rights>yes</dc:rights>
    <dc:coverage urlencoding="UTF-8"/>
    <dc:subject/>
    <dc:format>HTML / XHTML</dc:format>
    <dc:type>Tutorial</dc:type>
    <dc:audience>Unspecified</dc:audience>
    <dc:license>Unspecified</dc:license>
    <dc:publisher urlencoding="UTF-8">SoftChalk</dc:publisher>
    <version urlencoding="UTF-8">1.0</version>
    <Cost Currency="USD" urlencoding="UTF-8">None</Cost>
    <SubTitle urlencoding="UTF-8"/>
    <SingleTry/>
    <TotalPoints/>
    <SchoolName urlencoding="UTF-8"/>
    <Language urlencoding="UTF-8"/>
    <NumberOfPages/>
    <MainFileName/>
    <CreatorFirstName urlencoding="UTF-8"/>
    <CreatorLastName urlencoding="UTF-8"/>
    <Subjects/>
    <Levels/>
    <ImagesPresent>false</ImagesPresent>
    <ImageEquivalents>false</ImageEquivalents>
    <ImageEquivalentsPresentation>Unspecified</ImageEquivalentsPresentation>
    <StructuralElements/>
    <FlashingPresent>false</FlashingPresent>
    <FlashingSlow>false</FlashingSlow>
    <FlashingDisablable>false</FlashingDisablable>
    <MultimediaPresent>false</MultimediaPresent>
    <MultimediaFormats/>
    <MultimediaAlternatives/>
    <MultimediaComment urlencoding="UTF-8"/>
    <TablesPresent>false</TablesPresent>
    <TablesPresentation>Unspecified</TablesPresentation>
    <TableRowsColumnsIdentified>false</TableRowsColumnsIdentified>
    <ColorUsedForInformation>false</ColorUsedForInformation>
    <ColorAlternativesPresent>false</ColorAlternativesPresent>
    <TextContrast>Good</TextContrast>
    <TextModifiables/>
    <CommericalAlternative>false</CommericalAlternative>
    <CommericalAlternativeObjects>false</CommericalAlternativeObjects>
    <CommericalAlternativeReadingOrder>false</CommericalAlternativeReadingOrder>
    <FramesPresent>true</FramesPresent>
    <FormsPresent>false</FormsPresent>
    <ImageMapsPresent>false</ImageMapsPresent>
    <TimedResponseUsed>false</TimedResponseUsed>
    <Hazards>
        <Hazard>None</Hazard>
    </Hazards>
    <SupportTools>
        <SupportTool>None</SupportTool>
    </SupportTools>
    <StandardsSupport>
        <WCAGLevel>WCAG1A</WCAGLevel>
        <LegislationSupport>
            <Legislation>US (Section 508)</Legislation>
        </LegislationSupport>
        <StandardsComment urlencoding="UTF-8"/>
    </StandardsSupport>
</metadata>
  </activity>
  <activity>
    <id>activity-4</id>
    <type>203</type>
    <points>9</points>
    <retry>true</retry>
    <position>7</position>
    <page>5</page>
    <description urlencoding="UTF-8"><![CDATA[Selection+Activity]]></description>
    <xml urlencoding="UTF-8"><![CDATA[%3C%3Fxml+version%3D%221.0%22+encoding%3D%22UTF-8%22+standalone%3D%22no%22%3F%3E%0A%3CselectAllActivity+gradeSetsIndividually%3D%22false%22%3E%0A++++%3Cset+columns%3D%222%22+id%3D%220%22+rows%3D%222%22%3E%0A++++++++%3Ctitle+encoding%3D%22true%22%3E%3C%21%5BCDATA%5BIdentify%2Bthe%2Bsynonyms%5D%5D%3E%3C%2Ftitle%3E%0A++++++++%3CallowRetry%3Etrue%3C%2FallowRetry%3E%0A++++++++%3Cchoices%3E%0A++++++++++++%3Cchoice+correct%3D%22true%22+encoding%3D%22true%22+id%3D%220%22+value%3D%221.0%22%3E%3C%21%5BCDATA%5Binfuriate%5D%5D%3E%3C%2Fchoice%3E%0A++++++++++++%3Cchoice+correct%3D%22true%22+encoding%3D%22true%22+id%3D%221%22+value%3D%221.0%22%3E%3C%21%5BCDATA%5Bannoy%5D%5D%3E%3C%2Fchoice%3E%0A++++++++++++%3Cchoice+correct%3D%22true%22+encoding%3D%22true%22+id%3D%222%22+value%3D%221.0%22%3E%3C%21%5BCDATA%5Baggravate%5D%5D%3E%3C%2Fchoice%3E%0A++++++++++++%3Cchoice+correct%3D%22false%22+encoding%3D%22true%22+id%3D%223%22+value%3D%221.0%22%3E%3C%21%5BCDATA%5Bencourage%5D%5D%3E%3C%2Fchoice%3E%0A++++++++%3C%2Fchoices%3E%0A++++%3C%2Fset%3E%0A++++%3Cset+columns%3D%222%22+id%3D%221%22+rows%3D%222%22%3E%0A++++++++%3Ctitle+encoding%3D%22true%22%3E%3C%21%5BCDATA%5BIdentify%2Bthe%2Bsynonyms%5D%5D%3E%3C%2Ftitle%3E%0A++++++++%3CallowRetry%3Etrue%3C%2FallowRetry%3E%0A++++++++%3Cchoices%3E%0A++++++++++++%3Cchoice+correct%3D%22true%22+encoding%3D%22true%22+id%3D%220%22+value%3D%221.0%22%3E%3C%21%5BCDATA%5Bcry%5D%5D%3E%3C%2Fchoice%3E%0A++++++++++++%3Cchoice+correct%3D%22true%22+encoding%3D%22true%22+id%3D%221%22+value%3D%221.0%22%3E%3C%21%5BCDATA%5Btear%2Bup%5D%5D%3E%3C%2Fchoice%3E%0A++++++++++++%3Cchoice+correct%3D%22false%22+encoding%3D%22true%22+id%3D%222%22+value%3D%221.0%22%3E%3C%21%5BCDATA%5Blaugh%5D%5D%3E%3C%2Fchoice%3E%0A++++++++++++%3Cchoice+correct%3D%22true%22+encoding%3D%22true%22+id%3D%223%22+value%3D%221.0%22%3E%3C%21%5BCDATA%5Bweep%5D%5D%3E%3C%2Fchoice%3E%0A++++++++%3C%2Fchoices%3E%0A++++%3C%2Fset%3E%0A++++%3Cset+columns%3D%222%22+id%3D%222%22+rows%3D%222%22%3E%0A++++++++%3Ctitle+encoding%3D%22true%22%3E%3C%21%5BCDATA%5BIdentify%2Bthe%2Bsynonyms%5D%5D%3E%3C%2Ftitle%3E%0A++++++++%3CallowRetry%3Etrue%3C%2FallowRetry%3E%0A++++++++%3Cchoices%3E%0A++++++++++++%3Cchoice+correct%3D%22true%22+encoding%3D%22true%22+id%3D%220%22+value%3D%221.0%22%3E%3C%21%5BCDATA%5Bdesist%5D%5D%3E%3C%2Fchoice%3E%0A++++++++++++%3Cchoice+correct%3D%22true%22+encoding%3D%22true%22+id%3D%221%22+value%3D%221.0%22%3E%3C%21%5BCDATA%5Bstop%5D%5D%3E%3C%2Fchoice%3E%0A++++++++++++%3Cchoice+correct%3D%22true%22+encoding%3D%22true%22+id%3D%222%22+value%3D%221.0%22%3E%3C%21%5BCDATA%5Bcease%5D%5D%3E%3C%2Fchoice%3E%0A++++++++++++%3Cchoice+correct%3D%22false%22+encoding%3D%22true%22+id%3D%223%22+value%3D%221.0%22%3E%3C%21%5BCDATA%5Bbalance%5D%5D%3E%3C%2Fchoice%3E%0A++++++++%3C%2Fchoices%3E%0A++++%3C%2Fset%3E%0A%3C%2FselectAllActivity%3E]]></xml>
<metadata xmlns:csmd="http://www.imsglobal.org/profile/cc/ccv1p2/ccv1p2_imscsmd_v1p0.xsd" xmlns:dc="http://dublincore.org/documents/dces/">
    <dc:title urlencoding="UTF-8"/>
    <dc:description urlencoding="UTF-8"/>
    <dc:creator urlencoding="UTF-8"/>
    <dc:contributor urlencoding="UTF-8">None</dc:contributor>
    <dc:source urlencoding="UTF-8">None</dc:source>
    <dc:relation urlencoding="UTF-8">None</dc:relation>
    <dc:rights>yes</dc:rights>
    <dc:coverage urlencoding="UTF-8"/>
    <dc:subject/>
    <dc:format>HTML / XHTML</dc:format>
    <dc:type>Tutorial</dc:type>
    <dc:audience>Unspecified</dc:audience>
    <dc:license>Unspecified</dc:license>
    <dc:publisher urlencoding="UTF-8">SoftChalk</dc:publisher>
    <version urlencoding="UTF-8">1.0</version>
    <Cost Currency="USD" urlencoding="UTF-8">None</Cost>
    <SubTitle urlencoding="UTF-8"/>
    <SingleTry/>
    <TotalPoints/>
    <SchoolName urlencoding="UTF-8"/>
    <Language urlencoding="UTF-8"/>
    <NumberOfPages/>
    <MainFileName/>
    <CreatorFirstName urlencoding="UTF-8"/>
    <CreatorLastName urlencoding="UTF-8"/>
    <Subjects/>
    <Levels/>
    <ImagesPresent>false</ImagesPresent>
    <ImageEquivalents>false</ImageEquivalents>
    <ImageEquivalentsPresentation>Unspecified</ImageEquivalentsPresentation>
    <StructuralElements/>
    <FlashingPresent>false</FlashingPresent>
    <FlashingSlow>false</FlashingSlow>
    <FlashingDisablable>false</FlashingDisablable>
    <MultimediaPresent>false</MultimediaPresent>
    <MultimediaFormats/>
    <MultimediaAlternatives/>
    <MultimediaComment urlencoding="UTF-8"/>
    <TablesPresent>false</TablesPresent>
    <TablesPresentation>Unspecified</TablesPresentation>
    <TableRowsColumnsIdentified>false</TableRowsColumnsIdentified>
    <ColorUsedForInformation>false</ColorUsedForInformation>
    <ColorAlternativesPresent>false</ColorAlternativesPresent>
    <TextContrast>Good</TextContrast>
    <TextModifiables/>
    <CommericalAlternative>false</CommericalAlternative>
    <CommericalAlternativeObjects>false</CommericalAlternativeObjects>
    <CommericalAlternativeReadingOrder>false</CommericalAlternativeReadingOrder>
    <FramesPresent>true</FramesPresent>
    <FormsPresent>false</FormsPresent>
    <ImageMapsPresent>false</ImageMapsPresent>
    <TimedResponseUsed>false</TimedResponseUsed>
    <Hazards>
        <Hazard>None</Hazard>
    </Hazards>
    <SupportTools>
        <SupportTool>None</SupportTool>
    </SupportTools>
    <StandardsSupport>
        <WCAGLevel>WCAG1A</WCAGLevel>
        <LegislationSupport>
            <Legislation>US (Section 508)</Legislation>
        </LegislationSupport>
        <StandardsComment urlencoding="UTF-8"/>
    </StandardsSupport>
</metadata>
  </activity>
</scoreditems>
<inlinemedia>
  <inlineobject>
    <id>inlinemedia1</id>
<metadata xmlns:csmd="http://www.imsglobal.org/profile/cc/ccv1p2/ccv1p2_imscsmd_v1p0.xsd" xmlns:dc="http://dublincore.org/documents/dces/">
    <dc:title urlencoding="UTF-8"/>
    <dc:description urlencoding="UTF-8"/>
    <dc:creator urlencoding="UTF-8"/>
    <dc:contributor urlencoding="UTF-8">None</dc:contributor>
    <dc:source urlencoding="UTF-8">None</dc:source>
    <dc:relation urlencoding="UTF-8">None</dc:relation>
    <dc:rights>yes</dc:rights>
    <dc:coverage urlencoding="UTF-8"/>
    <dc:subject/>
    <dc:format>HTML / XHTML</dc:format>
    <dc:type>Tutorial</dc:type>
    <dc:audience>Unspecified</dc:audience>
    <dc:license>Unspecified</dc:license>
    <dc:publisher urlencoding="UTF-8">SoftChalk</dc:publisher>
    <version urlencoding="UTF-8">1.0</version>
    <Cost Currency="USD" urlencoding="UTF-8">None</Cost>
    <SubTitle urlencoding="UTF-8"/>
    <SingleTry/>
    <TotalPoints/>
    <SchoolName urlencoding="UTF-8"/>
    <Language urlencoding="UTF-8"/>
    <NumberOfPages/>
    <MainFileName/>
    <CreatorFirstName urlencoding="UTF-8"/>
    <CreatorLastName urlencoding="UTF-8"/>
    <Subjects/>
    <Levels/>
    <ImagesPresent>false</ImagesPresent>
    <ImageEquivalents>false</ImageEquivalents>
    <ImageEquivalentsPresentation>Unspecified</ImageEquivalentsPresentation>
    <StructuralElements/>
    <FlashingPresent>false</FlashingPresent>
    <FlashingSlow>false</FlashingSlow>
    <FlashingDisablable>false</FlashingDisablable>
    <MultimediaPresent>false</MultimediaPresent>
    <MultimediaFormats/>
    <MultimediaAlternatives/>
    <MultimediaComment urlencoding="UTF-8"/>
    <TablesPresent>false</TablesPresent>
    <TablesPresentation>Unspecified</TablesPresentation>
    <TableRowsColumnsIdentified>false</TableRowsColumnsIdentified>
    <ColorUsedForInformation>false</ColorUsedForInformation>
    <ColorAlternativesPresent>false</ColorAlternativesPresent>
    <TextContrast>Good</TextContrast>
    <TextModifiables/>
    <CommericalAlternative>false</CommericalAlternative>
    <CommericalAlternativeObjects>false</CommericalAlternativeObjects>
    <CommericalAlternativeReadingOrder>false</CommericalAlternativeReadingOrder>
    <FramesPresent>true</FramesPresent>
    <FormsPresent>false</FormsPresent>
    <ImageMapsPresent>false</ImageMapsPresent>
    <TimedResponseUsed>false</TimedResponseUsed>
    <Hazards>
        <Hazard>None</Hazard>
    </Hazards>
    <SupportTools>
        <SupportTool>None</SupportTool>
    </SupportTools>
    <StandardsSupport>
        <WCAGLevel>WCAG1A</WCAGLevel>
        <LegislationSupport>
            <Legislation>US (Section 508)</Legislation>
        </LegislationSupport>
        <StandardsComment urlencoding="UTF-8"/>
    </StandardsSupport>
</metadata>
  </inlineobject>
</inlinemedia>
<ContentItems xmlns:csmd="http://www.imsglobal.org/profile/cc/ccv1p2/ccv1p2_imscsmd_v1p0.xsd" xmlns:dc="http://dublincore.org/documents/dces/">
    <ContentItem>
        <dc:title urlencoding="UTF-8"><![CDATA[Linguistics]]></dc:title>
        <dc:description urlencoding="UTF-8">This+is+an+introductory+lesson+for+the+Linguistics+120+curriculum.</dc:description>
        <dc:creator urlencoding="UTF-8"/>
        <dc:contributor urlencoding="UTF-8">None</dc:contributor>
        <dc:source urlencoding="UTF-8">None</dc:source>
        <dc:relation urlencoding="UTF-8">None</dc:relation>
        <dc:rights>yes</dc:rights>
        <dc:coverage urlencoding="UTF-8"/>
        <dc:subject>English as a Second Language, English Language Arts</dc:subject>
        <keyword urlencoding="UTF-8">What+is+Linguistics</keyword>
        <keyword urlencoding="UTF-8">Phonetics</keyword>
        <keyword urlencoding="UTF-8">Morphology</keyword>
        <keyword urlencoding="UTF-8">Syntax</keyword>
        <keyword urlencoding="UTF-8">Semantics</keyword>
        <keyword urlencoding="UTF-8">Linguistics</keyword>
        <keyword urlencoding="UTF-8">Linguistics</keyword>
        <keyword urlencoding="UTF-8">Linguistics</keyword>
        <dc:format>HTML / XHTML</dc:format>
        <dc:type>Tutorial</dc:type>
        <dc:audience>College Lower Division</dc:audience>
        <dc:license>Unspecified</dc:license>
        <dc:publisher urlencoding="UTF-8">SoftChalk</dc:publisher>
        <version urlencoding="UTF-8">1.0</version>
        <Cost Currency="USD" urlencoding="UTF-8">None</Cost>
        <SubTitle urlencoding="UTF-8"><![CDATA[A+Brief+Introduction]]></SubTitle>
        <SingleTry>true</SingleTry>
        <TotalPoints>48</TotalPoints>
        <SchoolName urlencoding="UTF-8">Virginia+Commonwealth+University</SchoolName>
        <Language urlencoding="UTF-8">English</Language>
        <NumberOfPages>5</NumberOfPages>
        <MainFileName>NewLinguistics</MainFileName>
        <CreatorFirstName urlencoding="UTF-8"/>
        <CreatorLastName urlencoding="UTF-8"/>
        <Subjects>
            <Subject>English as a Second Language</Subject>
            <Subject>English Language Arts</Subject>
        </Subjects>
        <Levels>
            <Level>Undergraduate</Level>
        </Levels>
        <ImagesPresent>true</ImagesPresent>
        <ImageEquivalents>false</ImageEquivalents>
        <ImageEquivalentsPresentation>Unspecified</ImageEquivalentsPresentation>
        <StructuralElements>
            <StructuralElement>Table of Contents</StructuralElement>
            <StructuralElement>Headings</StructuralElement>
            <StructuralElement>Page Numbers</StructuralElement>
        </StructuralElements>
        <FlashingPresent>false</FlashingPresent>
        <FlashingSlow>false</FlashingSlow>
        <FlashingDisablable>false</FlashingDisablable>
        <MultimediaPresent>true</MultimediaPresent>
        <MultimediaFormats>
            <MultimediaFormat>Interactive</MultimediaFormat>
        </MultimediaFormats>
        <MultimediaAlternatives/>
        <MultimediaComment urlencoding="UTF-8"/>
        <TablesPresent>false</TablesPresent>
        <TablesPresentation>Unspecified</TablesPresentation>
        <TableRowsColumnsIdentified>false</TableRowsColumnsIdentified>
        <ColorUsedForInformation>false</ColorUsedForInformation>
        <ColorAlternativesPresent>false</ColorAlternativesPresent>
        <TextContrast>Good</TextContrast>
        <TextModifiables/>
        <CommericalAlternative>false</CommericalAlternative>
        <CommericalAlternativeObjects>false</CommericalAlternativeObjects>
        <CommericalAlternativeReadingOrder>false</CommericalAlternativeReadingOrder>
        <FramesPresent>true</FramesPresent>
        <FormsPresent>false</FormsPresent>
        <ImageMapsPresent>false</ImageMapsPresent>
        <TimedResponseUsed>false</TimedResponseUsed>
        <Hazards>
            <Hazard>None</Hazard>
        </Hazards>
        <SupportTools>
            <SupportTool>None</SupportTool>
        </SupportTools>
        <StandardsSupport>
            <WCAGLevel>WCAG1A</WCAGLevel>
            <LegislationSupport>
                <Legislation>US (Section 508)</Legislation>
            </LegislationSupport>
            <StandardsComment urlencoding="UTF-8"/>
        </StandardsSupport>
    </ContentItem>
</ContentItems>
</lesson>
