<?xml version="1.0" encoding="UTF-8" ?>
<manifest identifier="index.html" version="1.2"
xmlns="http://www.imsproject.org/xsd/imscp_rootv1p1p2"
xmlns:adlcp="http://www.adlnet.org/xsd/adlcp_rootv1p2"
xmlns:xsi="http://www.w3.org/2001/XMLSchema-instance"
xsi:schemaLocation="http://www.imsproject.org/xsd/imscp_rootv1p1p2 imscp_rootv1p1p2.xsd
http://www.imsglobal.org/xsd/imsmd_rootv1p2p1 imsmd_rootv1p2p1.xsd
http://www.adlnet.org/xsd/adlcp_rootv1p2 adlcp_rootv1p2.xsd">
	<metadata />
	<organizations default="B0">
		<organization identifier="B0">
			<title>NewLinguistics</title>
			<item identifier="S100001" identifierref="R_S100001" isvisible="true">
				<title>NewLinguistics</title>
				<adlcp:datafromlms>1,1,1,1,1,1,1,1</adlcp:datafromlms>
			</item>
			<metadata>
				<schema>ADL SCORM</schema>
				<schemaversion>1.2</schemaversion>
				<adlcp:location>NewLinguistics_sco.xml</adlcp:location>
			</metadata>
		</organization>
	</organizations>
	<resources>
		<resource identifier="R_S100001" type="webcontent" adlcp:scormtype="sco" href="index.html">
			<file href="index.html" />
			<dependency identifierref="R_A1" />
		</resource>
		<resource identifier="R_A1" type="webcontent" adlcp:scormtype="asset">
			<file href="activityApplet1.html" />
			<file href="activityApplet1.html.LCK" />
			<file href="activityApplet2.html" />
			<file href="activityApplet2.html.LCK" />
			<file href="activityApplet3.html" />
			<file href="activityApplet3.html.LCK" />
			<file href="activityApplet4.html" />
			<file href="activityApplet4.html.LCK" />
			<file href="activityApplet8.html" />
			<file href="activityApplet8.html.LCK" />
			<file href="ada-access.gif" />
			<file href="ada-access.gif.LCK" />
			<file href="ada-activity.gif" />
			<file href="ada-activity.gif.LCK" />
			<file href="ada-annotation.gif" />
			<file href="ada-annotation.gif.LCK" />
			<file href="ada-equation.gif" />
			<file href="ada-equation.gif.LCK" />
			<file href="ada-media.gif" />
			<file href="ada-media.gif.LCK" />
			<file href="align8.xml" />
			<file href="align8.xml.LCK" />
			<file href="align_custom.png" />
			<file href="align_custom.png.LCK" />
			<file href="align_title_custom.png" />
			<file href="align_title_custom.png.LCK" />
			<file href="banner_custom.png" />
			<file href="banner_custom.png.LCK" />
			<file href="check.png" />
			<file href="check.png.LCK" />
			<file href="close_custom.png" />
			<file href="close_custom.png.LCK" />
			<file href="close_feedback.png" />
			<file href="close_feedback.png.LCK" />
			<file href="close_float.png" />
			<file href="close_float.png.LCK" />
			<file href="Cloud and Mobile in K12 -Thought_Leadership_for_Education_April2011.pdf" />
			<file href="Cloud and Mobile in K12 -Thought_Leadership_for_Education_April2011.pdf.LCK" />
			<file href="contentwrap_custom.png" />
			<file href="contentwrap_custom.png.LCK" />
			<file href="correct.mp3" />
			<file href="correct.mp3.LCK" />
			<file href="csshover.htc" />
			<file href="csshover.htc.LCK" />
			<file href="dropcloths.png" />
			<file href="dropcloths.png.LCK" />
			<file href="dropmenu_custom.png" />
			<file href="dropmenu_custom.png.LCK" />
			<file href="english teachers comic.jpg" />
			<file href="english teachers comic.jpg.LCK" />
			<file href="get_flash_player.gif" />
			<file href="get_flash_player.gif.LCK" />
			<file href="identify1.xml" />
			<file href="identify1.xml.LCK" />
			<file href="identify_custom.png" />
			<file href="identify_custom.png.LCK" />
			<file href="identify_title_custom.png" />
			<file href="identify_title_custom.png.LCK" />
			<file href="index.html" />
			<file href="index.html.LCK" />
			<file href="lb_buttonimage.txt" />
			<file href="lb_buttonimage.txt.LCK" />
			<file href="NewLinguistics.css" />
			<file href="NewLinguistics.css.LCK" />
			<file href="NewLinguistics.html" />
			<file href="NewLinguistics.html.LCK" />
			<file href="NewLinguistics.zip.LCK" />
			<file href="NewLinguistics2.html" />
			<file href="NewLinguistics2.html.LCK" />
			<file href="NewLinguistics3.html" />
			<file href="NewLinguistics3.html.LCK" />
			<file href="NewLinguistics4.html" />
			<file href="NewLinguistics4.html.LCK" />
			<file href="NewLinguistics5.html" />
			<file href="NewLinguistics5.html.LCK" />
			<file href="NewLinguistics_dummy.html" />
			<file href="NewLinguistics_dummy.html.LCK" />
			<file href="NewLinguistics_md.xml" />
			<file href="NewLinguistics_md.xml.LCK" />
			<file href="NewLinguistics_orm.txt" />
			<file href="NewLinguistics_orm.txt.LCK" />
			<file href="NewLinguistics_print.css" />
			<file href="NewLinguistics_print.css.LCK" />
			<file href="NewLinguistics_print.html" />
			<file href="NewLinguistics_print.html.LCK" />
			<file href="NewLinguistics_sco.zip.LCK" />
			<file href="NewLinguistics_sco2004.zip.LCK" />
			<file href="NewLinguistics_tiv.txt" />
			<file href="NewLinguistics_tiv.txt.LCK" />
			<file href="onthispage_custom.png" />
			<file href="onthispage_custom.png.LCK" />
			<file href="paste_image1.gif" />
			<file href="paste_image1.gif.LCK" />
			<file href="paste_image2.gif" />
			<file href="paste_image2.gif.LCK" />
			<file href="Rosetta_Stone.jpg" />
			<file href="Rosetta_Stone.jpg.LCK" />
			<file href="selection4.xml" />
			<file href="selection4.xml.LCK" />
			<file href="selection_custom.png" />
			<file href="selection_custom.png.LCK" />
			<file href="selection_title_custom.png" />
			<file href="selection_title_custom.png.LCK" />
			<file href="selfcheck_custom.png" />
			<file href="selfcheck_custom.png.LCK" />
			<file href="semantics3.png" />
			<file href="semantics3.png.LCK" />
			<file href="sequence3.xml" />
			<file href="sequence3.xml.LCK" />
			<file href="sequence_custom.png" />
			<file href="sequence_custom.png.LCK" />
			<file href="sequence_title_custom.png" />
			<file href="sequence_title_custom.png.LCK" />
			<file href="sets2.xml" />
			<file href="sets2.xml.LCK" />
			<file href="sets_custom.png" />
			<file href="sets_custom.png.LCK" />
			<file href="sets_title_custom.png" />
			<file href="sets_title_custom.png.LCK" />
			<file href="softchalk.xml" />
			<file href="softchalk_manifest.xml" />
			<file href="softchalk_manifest.xml.LCK" />
			<file href="spacer.gif" />
			<file href="spacer.gif.LCK" />
			<file href="submenu-rt_custom.png" />
			<file href="submenu-rt_custom.png.LCK" />
			<file href="submenu_custom.png" />
			<file href="submenu_custom.png.LCK" />
			<file href="woof.png" />
			<file href="woof.png.LCK" />
			<file href="wrong.mp3" />
			<file href="wrong.mp3.LCK" />
			<file href="wrong.png" />
			<file href="wrong.png.LCK" />
			<file href="yoda_syntax.png" />
			<file href="yoda_syntax.png.LCK" />
			<file href="_notes/dwsync.xml" />
			<file href="ada_files/ada_activity1.html" />
			<file href="ada_files/ada_activity2.html" />
			<file href="ada_files/ada_activity3.html" />
			<file href="ada_files/ada_activity4.html" />
			<file href="ada_files/ada_activity8.html" />
			<file href="ada_files/ada_annotation1.html" />
			<file href="ada_files/ada_annotation2.html" />
			<file href="ada_files/ada_media1.html" />
			<file href="lessonimages/identifyImage1_0.png" />
			<file href="lessonimages/identifyImage1_0.png.LCK" />
			<file href="lessonimages/identifyImage1_1.png" />
			<file href="lessonimages/identifyImage1_1.png.LCK" />
			<file href="lessonimages/identifyImage1_2.png" />
			<file href="lessonimages/identifyImage1_2.png.LCK" />
			<file href="mobile_pages/activityApplet1.html" />
			<file href="mobile_pages/activityApplet2.html" />
			<file href="mobile_pages/activityApplet3.html" />
			<file href="mobile_pages/activityApplet4.html" />
			<file href="mobile_pages/activityApplet8.html" />
			<file href="mobile_pages/align8.xml" />
			<file href="mobile_pages/align_custom.png" />
			<file href="mobile_pages/align_title_custom.png" />
			<file href="mobile_pages/check.png" />
			<file href="mobile_pages/close_feedback.png" />
			<file href="mobile_pages/identify1.xml" />
			<file href="mobile_pages/identify_custom.png" />
			<file href="mobile_pages/identify_title_custom.png" />
			<file href="mobile_pages/index.html" />
			<file href="mobile_pages/NewLinguistics.html" />
			<file href="mobile_pages/NewLinguistics2.html" />
			<file href="mobile_pages/NewLinguistics3.html" />
			<file href="mobile_pages/NewLinguistics4.html" />
			<file href="mobile_pages/NewLinguistics5.html" />
			<file href="mobile_pages/NewLinguistics_dummy.html" />
			<file href="mobile_pages/selection4.xml" />
			<file href="mobile_pages/selection_custom.png" />
			<file href="mobile_pages/selection_title_custom.png" />
			<file href="mobile_pages/selfcheck_custom.png" />
			<file href="mobile_pages/sequence3.xml" />
			<file href="mobile_pages/sequence_custom.png" />
			<file href="mobile_pages/sequence_title_custom.png" />
			<file href="mobile_pages/sets2.xml" />
			<file href="mobile_pages/sets_custom.png" />
			<file href="mobile_pages/sets_title_custom.png" />
			<file href="mobile_pages/softchalk_manifest.xml" />
			<file href="mobile_pages/spacer.gif" />
			<file href="mobile_pages/wrong.png" />
			<file href="mobile_pages/css/mobile-style.css" />
			<file href="mobile_pages/images/downarrow.png" />
			<file href="mobile_pages/images/downarrow_black.png" />
			<file href="mobile_pages/images/leftnav.png" />
			<file href="mobile_pages/images/nav-hover.png" />
			<file href="mobile_pages/images/nav.png" />
			<file href="mobile_pages/images/nav_background.png" />
			<file href="mobile_pages/images/nav_bar_background.png" />
			<file href="mobile_pages/images/nav_contract_button.png" />
			<file href="mobile_pages/images/nav_expand_button.png" />
			<file href="mobile_pages/images/nav_hide_button.png" />
			<file href="mobile_pages/images/nav_left_background.png" />
			<file href="mobile_pages/images/nav_left_button.png" />
			<file href="mobile_pages/images/nav_right_button.png" />
			<file href="mobile_pages/images/nav_show_button.png" />
			<file href="mobile_pages/images/rightnav.png" />
			<file href="mobile_pages/images/TOCarrow.png" />
			<file href="mobile_pages/images/uparrow.png" />
			<file href="mobile_pages/images/uparrow_black.png" />
			<file href="mobile_pages/images/x.png" />
			<file href="mobile_pages/js/jquery.json-2.2.js" />
			<file href="mobile_pages/js/jquery.store.js" />
			<file href="mobile_pages/js/mobile.js" />
			<file href="mobile_pages/js/store.js" />
			<file href="mobile_pages/lessonimages/identifyImage1_0.png" />
			<file href="mobile_pages/lessonimages/identifyImage1_0.png.LCK" />
			<file href="mobile_pages/lessonimages/identifyImage1_1.png" />
			<file href="mobile_pages/lessonimages/identifyImage1_1.png.LCK" />
			<file href="mobile_pages/lessonimages/identifyImage1_2.png" />
			<file href="mobile_pages/lessonimages/identifyImage1_2.png.LCK" />
			<file href="sclb_extras/activity_info.js" />
			<file href="sclb_extras/activityApplets.js" />
			<file href="sclb_extras/activityApplets_inline.js" />
			<file href="sclb_extras/activityWindow.js" />
			<file href="sclb_extras/correct-icon.png" />
			<file href="sclb_extras/down.png" />
			<file href="sclb_extras/emerging.js" />
			<file href="sclb_extras/finish-icon.png" />
			<file href="sclb_extras/flashobject.js" />
			<file href="sclb_extras/incorrect-icon.png" />
			<file href="sclb_extras/jquery.softchalk-activities.min.css" />
			<file href="sclb_extras/jquery.softchalk-activities.min.js" />
			<file href="sclb_extras/left-overlay.png" />
			<file href="sclb_extras/left.png" />
			<file href="sclb_extras/less-icon.png" />
			<file href="sclb_extras/lesson_qp.js" />
			<file href="sclb_extras/more-icon.png" />
			<file href="sclb_extras/next-set-icon.png" />
			<file href="sclb_extras/previous-set-icon.png" />
			<file href="sclb_extras/q_functions.js" />
			<file href="sclb_extras/q_functions_ext.js" />
			<file href="sclb_extras/q_functions_group.js" />
			<file href="sclb_extras/reset-icon.png" />
			<file href="sclb_extras/right-overlay.png" />
			<file href="sclb_extras/right.png" />
			<file href="sclb_extras/save-icon.png" />
			<file href="sclb_extras/scoring_window.js" />
			<file href="sclb_extras/up.png" />
			<file href="sclb_extras/overlibmws/flower_above_left.png" />
			<file href="sclb_extras/overlibmws/flower_above_left_shadow.png" />
			<file href="sclb_extras/overlibmws/flower_above_right.png" />
			<file href="sclb_extras/overlibmws/flower_above_right_shadow.png" />
			<file href="sclb_extras/overlibmws/flower_below_left.png" />
			<file href="sclb_extras/overlibmws/flower_below_left_shadow.png" />
			<file href="sclb_extras/overlibmws/flower_below_right.png" />
			<file href="sclb_extras/overlibmws/flower_below_right_shadow.png" />
			<file href="sclb_extras/overlibmws/oval_above_left.png" />
			<file href="sclb_extras/overlibmws/oval_above_left_shadow.png" />
			<file href="sclb_extras/overlibmws/oval_above_right.png" />
			<file href="sclb_extras/overlibmws/oval_above_right_shadow.png" />
			<file href="sclb_extras/overlibmws/oval_below_left.png" />
			<file href="sclb_extras/overlibmws/oval_below_left_shadow.png" />
			<file href="sclb_extras/overlibmws/oval_below_right.png" />
			<file href="sclb_extras/overlibmws/oval_below_right_shadow.png" />
			<file href="sclb_extras/overlibmws/overlibmws.js" />
			<file href="sclb_extras/overlibmws/overlibmws_bubble.js" />
			<file href="sclb_extras/overlibmws/overlibmws_shadow.js" />
			<file href="sclb_extras/overlibmws/postit_above_left_shadow.png" />
			<file href="sclb_extras/overlibmws/postit_above_right_shadow.png" />
			<file href="sclb_extras/overlibmws/postit_below_left_shadow.png" />
			<file href="sclb_extras/overlibmws/postit_below_right_shadow.png" />
			<file href="sclb_extras/overlibmws/pushpin_above_left_shadow.png" />
			<file href="sclb_extras/overlibmws/pushpin_above_right_shadow.png" />
			<file href="sclb_extras/overlibmws/pushpin_below_left_shadow.png" />
			<file href="sclb_extras/overlibmws/pushpin_below_right_shadow.png" />
			<file href="sclb_extras/overlibmws/quotation_above_left.png" />
			<file href="sclb_extras/overlibmws/quotation_above_left_shadow.png" />
			<file href="sclb_extras/overlibmws/quotation_above_right.png" />
			<file href="sclb_extras/overlibmws/quotation_above_right_shadow.png" />
			<file href="sclb_extras/overlibmws/quotation_below_left.png" />
			<file href="sclb_extras/overlibmws/quotation_below_left_shadow.png" />
			<file href="sclb_extras/overlibmws/quotation_below_right.png" />
			<file href="sclb_extras/overlibmws/quotation_below_right_shadow.png" />
			<file href="sclb_extras/overlibmws/speech_above_left.png" />
			<file href="sclb_extras/overlibmws/speech_above_left_shadow.png" />
			<file href="sclb_extras/overlibmws/speech_above_right.png" />
			<file href="sclb_extras/overlibmws/speech_above_right_shadow.png" />
			<file href="sclb_extras/overlibmws/speech_below_left.png" />
			<file href="sclb_extras/overlibmws/speech_below_left_shadow.png" />
			<file href="sclb_extras/overlibmws/speech_below_right.png" />
			<file href="sclb_extras/overlibmws/speech_below_right_shadow.png" />
			<file href="sclb_extras/overlibmws/thought_above_left.png" />
			<file href="sclb_extras/overlibmws/thought_above_left_shadow.png" />
			<file href="sclb_extras/overlibmws/thought_above_right.png" />
			<file href="sclb_extras/overlibmws/thought_above_right_shadow.png" />
			<file href="sclb_extras/overlibmws/thought_below_left.png" />
			<file href="sclb_extras/overlibmws/thought_below_left_shadow.png" />
			<file href="sclb_extras/overlibmws/thought_below_right.png" />
			<file href="sclb_extras/overlibmws/thought_below_right_shadow.png" />
		</resource>
	</resources>
</manifest>
